features,label
./trainX/SYN1.png,./trainY/SYN1_GT.png
./trainX/SYN10.png,./trainY/SYN10_GT.png
./trainX/SYN10_1.png,./trainY/SYN10_1_GT.png
./trainX/SYN10_10.png,./trainY/SYN10_10_GT.png
./trainX/SYN10_11.png,./trainY/SYN10_11_GT.png
./trainX/SYN10_12.png,./trainY/SYN10_12_GT.png
./trainX/SYN10_13.png,./trainY/SYN10_13_GT.png
./trainX/SYN10_14.png,./trainY/SYN10_14_GT.png
./trainX/SYN10_15.png,./trainY/SYN10_15_GT.png
./trainX/SYN10_16.png,./trainY/SYN10_16_GT.png
./trainX/SYN10_17.png,./trainY/SYN10_17_GT.png
./trainX/SYN10_18.png,./trainY/SYN10_18_GT.png
./trainX/SYN10_19.png,./trainY/SYN10_19_GT.png
./trainX/SYN10_2.png,./trainY/SYN10_2_GT.png
./trainX/SYN10_20.png,./trainY/SYN10_20_GT.png
./trainX/SYN10_3.png,./trainY/SYN10_3_GT.png
./trainX/SYN10_4.png,./trainY/SYN10_4_GT.png
./trainX/SYN10_5.png,./trainY/SYN10_5_GT.png
./trainX/SYN10_6.png,./trainY/SYN10_6_GT.png
./trainX/SYN10_7.png,./trainY/SYN10_7_GT.png
./trainX/SYN10_8.png,./trainY/SYN10_8_GT.png
./trainX/SYN10_9.png,./trainY/SYN10_9_GT.png
./trainX/SYN11.png,./trainY/SYN11_GT.png
./trainX/SYN11_1.png,./trainY/SYN11_1_GT.png
./trainX/SYN11_10.png,./trainY/SYN11_10_GT.png
./trainX/SYN11_11.png,./trainY/SYN11_11_GT.png
./trainX/SYN11_12.png,./trainY/SYN11_12_GT.png
./trainX/SYN11_13.png,./trainY/SYN11_13_GT.png
./trainX/SYN11_14.png,./trainY/SYN11_14_GT.png
./trainX/SYN11_15.png,./trainY/SYN11_15_GT.png
./trainX/SYN11_16.png,./trainY/SYN11_16_GT.png
./trainX/SYN11_17.png,./trainY/SYN11_17_GT.png
./trainX/SYN11_18.png,./trainY/SYN11_18_GT.png
./trainX/SYN11_19.png,./trainY/SYN11_19_GT.png
./trainX/SYN11_2.png,./trainY/SYN11_2_GT.png
./trainX/SYN11_20.png,./trainY/SYN11_20_GT.png
./trainX/SYN11_3.png,./trainY/SYN11_3_GT.png
./trainX/SYN11_4.png,./trainY/SYN11_4_GT.png
./trainX/SYN11_5.png,./trainY/SYN11_5_GT.png
./trainX/SYN11_6.png,./trainY/SYN11_6_GT.png
./trainX/SYN11_7.png,./trainY/SYN11_7_GT.png
./trainX/SYN11_8.png,./trainY/SYN11_8_GT.png
./trainX/SYN11_9.png,./trainY/SYN11_9_GT.png
./trainX/SYN12.png,./trainY/SYN12_GT.png
./trainX/SYN12_1.png,./trainY/SYN12_1_GT.png
./trainX/SYN12_10.png,./trainY/SYN12_10_GT.png
./trainX/SYN12_11.png,./trainY/SYN12_11_GT.png
./trainX/SYN12_12.png,./trainY/SYN12_12_GT.png
./trainX/SYN12_13.png,./trainY/SYN12_13_GT.png
./trainX/SYN12_14.png,./trainY/SYN12_14_GT.png
./trainX/SYN12_15.png,./trainY/SYN12_15_GT.png
./trainX/SYN12_16.png,./trainY/SYN12_16_GT.png
./trainX/SYN12_17.png,./trainY/SYN12_17_GT.png
./trainX/SYN12_18.png,./trainY/SYN12_18_GT.png
./trainX/SYN12_19.png,./trainY/SYN12_19_GT.png
./trainX/SYN12_2.png,./trainY/SYN12_2_GT.png
./trainX/SYN12_20.png,./trainY/SYN12_20_GT.png
./trainX/SYN12_3.png,./trainY/SYN12_3_GT.png
./trainX/SYN12_4.png,./trainY/SYN12_4_GT.png
./trainX/SYN12_5.png,./trainY/SYN12_5_GT.png
./trainX/SYN12_6.png,./trainY/SYN12_6_GT.png
./trainX/SYN12_7.png,./trainY/SYN12_7_GT.png
./trainX/SYN12_8.png,./trainY/SYN12_8_GT.png
./trainX/SYN12_9.png,./trainY/SYN12_9_GT.png
./trainX/SYN13.png,./trainY/SYN13_GT.png
./trainX/SYN13_1.png,./trainY/SYN13_1_GT.png
./trainX/SYN13_10.png,./trainY/SYN13_10_GT.png
./trainX/SYN13_11.png,./trainY/SYN13_11_GT.png
./trainX/SYN13_12.png,./trainY/SYN13_12_GT.png
./trainX/SYN13_13.png,./trainY/SYN13_13_GT.png
./trainX/SYN13_14.png,./trainY/SYN13_14_GT.png
./trainX/SYN13_15.png,./trainY/SYN13_15_GT.png
./trainX/SYN13_16.png,./trainY/SYN13_16_GT.png
./trainX/SYN13_17.png,./trainY/SYN13_17_GT.png
./trainX/SYN13_18.png,./trainY/SYN13_18_GT.png
./trainX/SYN13_19.png,./trainY/SYN13_19_GT.png
./trainX/SYN13_2.png,./trainY/SYN13_2_GT.png
./trainX/SYN13_20.png,./trainY/SYN13_20_GT.png
./trainX/SYN13_3.png,./trainY/SYN13_3_GT.png
./trainX/SYN13_4.png,./trainY/SYN13_4_GT.png
./trainX/SYN13_5.png,./trainY/SYN13_5_GT.png
./trainX/SYN13_6.png,./trainY/SYN13_6_GT.png
./trainX/SYN13_7.png,./trainY/SYN13_7_GT.png
./trainX/SYN13_8.png,./trainY/SYN13_8_GT.png
./trainX/SYN13_9.png,./trainY/SYN13_9_GT.png
./trainX/SYN14.png,./trainY/SYN14_GT.png
./trainX/SYN14_1.png,./trainY/SYN14_1_GT.png
./trainX/SYN14_10.png,./trainY/SYN14_10_GT.png
./trainX/SYN14_11.png,./trainY/SYN14_11_GT.png
./trainX/SYN14_12.png,./trainY/SYN14_12_GT.png
./trainX/SYN14_13.png,./trainY/SYN14_13_GT.png
./trainX/SYN14_14.png,./trainY/SYN14_14_GT.png
./trainX/SYN14_15.png,./trainY/SYN14_15_GT.png
./trainX/SYN14_16.png,./trainY/SYN14_16_GT.png
./trainX/SYN14_17.png,./trainY/SYN14_17_GT.png
./trainX/SYN14_18.png,./trainY/SYN14_18_GT.png
./trainX/SYN14_19.png,./trainY/SYN14_19_GT.png
./trainX/SYN14_2.png,./trainY/SYN14_2_GT.png
./trainX/SYN14_20.png,./trainY/SYN14_20_GT.png
./trainX/SYN14_3.png,./trainY/SYN14_3_GT.png
./trainX/SYN14_4.png,./trainY/SYN14_4_GT.png
./trainX/SYN14_5.png,./trainY/SYN14_5_GT.png
./trainX/SYN14_6.png,./trainY/SYN14_6_GT.png
./trainX/SYN14_7.png,./trainY/SYN14_7_GT.png
./trainX/SYN14_8.png,./trainY/SYN14_8_GT.png
./trainX/SYN14_9.png,./trainY/SYN14_9_GT.png
./trainX/SYN15.png,./trainY/SYN15_GT.png
./trainX/SYN15_1.png,./trainY/SYN15_1_GT.png
./trainX/SYN15_10.png,./trainY/SYN15_10_GT.png
./trainX/SYN15_11.png,./trainY/SYN15_11_GT.png
./trainX/SYN15_12.png,./trainY/SYN15_12_GT.png
./trainX/SYN15_13.png,./trainY/SYN15_13_GT.png
./trainX/SYN15_14.png,./trainY/SYN15_14_GT.png
./trainX/SYN15_15.png,./trainY/SYN15_15_GT.png
./trainX/SYN15_16.png,./trainY/SYN15_16_GT.png
./trainX/SYN15_17.png,./trainY/SYN15_17_GT.png
./trainX/SYN15_18.png,./trainY/SYN15_18_GT.png
./trainX/SYN15_19.png,./trainY/SYN15_19_GT.png
./trainX/SYN15_2.png,./trainY/SYN15_2_GT.png
./trainX/SYN15_20.png,./trainY/SYN15_20_GT.png
./trainX/SYN15_3.png,./trainY/SYN15_3_GT.png
./trainX/SYN15_4.png,./trainY/SYN15_4_GT.png
./trainX/SYN15_5.png,./trainY/SYN15_5_GT.png
./trainX/SYN15_6.png,./trainY/SYN15_6_GT.png
./trainX/SYN15_7.png,./trainY/SYN15_7_GT.png
./trainX/SYN15_8.png,./trainY/SYN15_8_GT.png
./trainX/SYN15_9.png,./trainY/SYN15_9_GT.png
./trainX/SYN16.png,./trainY/SYN16_GT.png
./trainX/SYN16_1.png,./trainY/SYN16_1_GT.png
./trainX/SYN16_10.png,./trainY/SYN16_10_GT.png
./trainX/SYN16_11.png,./trainY/SYN16_11_GT.png
./trainX/SYN16_12.png,./trainY/SYN16_12_GT.png
./trainX/SYN16_13.png,./trainY/SYN16_13_GT.png
./trainX/SYN16_14.png,./trainY/SYN16_14_GT.png
./trainX/SYN16_15.png,./trainY/SYN16_15_GT.png
./trainX/SYN16_16.png,./trainY/SYN16_16_GT.png
./trainX/SYN16_17.png,./trainY/SYN16_17_GT.png
./trainX/SYN16_18.png,./trainY/SYN16_18_GT.png
./trainX/SYN16_19.png,./trainY/SYN16_19_GT.png
./trainX/SYN16_2.png,./trainY/SYN16_2_GT.png
./trainX/SYN16_20.png,./trainY/SYN16_20_GT.png
./trainX/SYN16_3.png,./trainY/SYN16_3_GT.png
./trainX/SYN16_4.png,./trainY/SYN16_4_GT.png
./trainX/SYN16_5.png,./trainY/SYN16_5_GT.png
./trainX/SYN16_6.png,./trainY/SYN16_6_GT.png
./trainX/SYN16_7.png,./trainY/SYN16_7_GT.png
./trainX/SYN16_8.png,./trainY/SYN16_8_GT.png
./trainX/SYN16_9.png,./trainY/SYN16_9_GT.png
./trainX/SYN17.png,./trainY/SYN17_GT.png
./trainX/SYN17_1.png,./trainY/SYN17_1_GT.png
./trainX/SYN17_10.png,./trainY/SYN17_10_GT.png
./trainX/SYN17_11.png,./trainY/SYN17_11_GT.png
./trainX/SYN17_12.png,./trainY/SYN17_12_GT.png
./trainX/SYN17_13.png,./trainY/SYN17_13_GT.png
./trainX/SYN17_14.png,./trainY/SYN17_14_GT.png
./trainX/SYN17_15.png,./trainY/SYN17_15_GT.png
./trainX/SYN17_16.png,./trainY/SYN17_16_GT.png
./trainX/SYN17_17.png,./trainY/SYN17_17_GT.png
./trainX/SYN17_18.png,./trainY/SYN17_18_GT.png
./trainX/SYN17_19.png,./trainY/SYN17_19_GT.png
./trainX/SYN17_2.png,./trainY/SYN17_2_GT.png
./trainX/SYN17_20.png,./trainY/SYN17_20_GT.png
./trainX/SYN17_3.png,./trainY/SYN17_3_GT.png
./trainX/SYN17_4.png,./trainY/SYN17_4_GT.png
./trainX/SYN17_5.png,./trainY/SYN17_5_GT.png
./trainX/SYN17_6.png,./trainY/SYN17_6_GT.png
./trainX/SYN17_7.png,./trainY/SYN17_7_GT.png
./trainX/SYN17_8.png,./trainY/SYN17_8_GT.png
./trainX/SYN17_9.png,./trainY/SYN17_9_GT.png
./trainX/SYN18.png,./trainY/SYN18_GT.png
./trainX/SYN18_1.png,./trainY/SYN18_1_GT.png
./trainX/SYN18_10.png,./trainY/SYN18_10_GT.png
./trainX/SYN18_11.png,./trainY/SYN18_11_GT.png
./trainX/SYN18_12.png,./trainY/SYN18_12_GT.png
./trainX/SYN18_13.png,./trainY/SYN18_13_GT.png
./trainX/SYN18_14.png,./trainY/SYN18_14_GT.png
./trainX/SYN18_15.png,./trainY/SYN18_15_GT.png
./trainX/SYN18_16.png,./trainY/SYN18_16_GT.png
./trainX/SYN18_17.png,./trainY/SYN18_17_GT.png
./trainX/SYN18_18.png,./trainY/SYN18_18_GT.png
./trainX/SYN18_19.png,./trainY/SYN18_19_GT.png
./trainX/SYN18_2.png,./trainY/SYN18_2_GT.png
./trainX/SYN18_20.png,./trainY/SYN18_20_GT.png
./trainX/SYN18_3.png,./trainY/SYN18_3_GT.png
./trainX/SYN18_4.png,./trainY/SYN18_4_GT.png
./trainX/SYN18_5.png,./trainY/SYN18_5_GT.png
./trainX/SYN18_6.png,./trainY/SYN18_6_GT.png
./trainX/SYN18_7.png,./trainY/SYN18_7_GT.png
./trainX/SYN18_8.png,./trainY/SYN18_8_GT.png
./trainX/SYN18_9.png,./trainY/SYN18_9_GT.png
./trainX/SYN19.png,./trainY/SYN19_GT.png
./trainX/SYN19_1.png,./trainY/SYN19_1_GT.png
./trainX/SYN19_10.png,./trainY/SYN19_10_GT.png
./trainX/SYN19_11.png,./trainY/SYN19_11_GT.png
./trainX/SYN19_12.png,./trainY/SYN19_12_GT.png
./trainX/SYN19_13.png,./trainY/SYN19_13_GT.png
./trainX/SYN19_14.png,./trainY/SYN19_14_GT.png
./trainX/SYN19_15.png,./trainY/SYN19_15_GT.png
./trainX/SYN19_16.png,./trainY/SYN19_16_GT.png
./trainX/SYN19_17.png,./trainY/SYN19_17_GT.png
./trainX/SYN19_18.png,./trainY/SYN19_18_GT.png
./trainX/SYN19_19.png,./trainY/SYN19_19_GT.png
./trainX/SYN19_2.png,./trainY/SYN19_2_GT.png
./trainX/SYN19_20.png,./trainY/SYN19_20_GT.png
./trainX/SYN19_3.png,./trainY/SYN19_3_GT.png
./trainX/SYN19_4.png,./trainY/SYN19_4_GT.png
./trainX/SYN19_5.png,./trainY/SYN19_5_GT.png
./trainX/SYN19_6.png,./trainY/SYN19_6_GT.png
./trainX/SYN19_7.png,./trainY/SYN19_7_GT.png
./trainX/SYN19_8.png,./trainY/SYN19_8_GT.png
./trainX/SYN19_9.png,./trainY/SYN19_9_GT.png
./trainX/SYN1_1.png,./trainY/SYN1_1_GT.png
./trainX/SYN1_10.png,./trainY/SYN1_10_GT.png
./trainX/SYN1_11.png,./trainY/SYN1_11_GT.png
./trainX/SYN1_12.png,./trainY/SYN1_12_GT.png
./trainX/SYN1_13.png,./trainY/SYN1_13_GT.png
./trainX/SYN1_14.png,./trainY/SYN1_14_GT.png
./trainX/SYN1_15.png,./trainY/SYN1_15_GT.png
./trainX/SYN1_16.png,./trainY/SYN1_16_GT.png
./trainX/SYN1_17.png,./trainY/SYN1_17_GT.png
./trainX/SYN1_18.png,./trainY/SYN1_18_GT.png
./trainX/SYN1_19.png,./trainY/SYN1_19_GT.png
./trainX/SYN1_2.png,./trainY/SYN1_2_GT.png
./trainX/SYN1_20.png,./trainY/SYN1_20_GT.png
./trainX/SYN1_3.png,./trainY/SYN1_3_GT.png
./trainX/SYN1_4.png,./trainY/SYN1_4_GT.png
./trainX/SYN1_5.png,./trainY/SYN1_5_GT.png
./trainX/SYN1_6.png,./trainY/SYN1_6_GT.png
./trainX/SYN1_7.png,./trainY/SYN1_7_GT.png
./trainX/SYN1_8.png,./trainY/SYN1_8_GT.png
./trainX/SYN1_9.png,./trainY/SYN1_9_GT.png
./trainX/SYN2.png,./trainY/SYN2_GT.png
./trainX/SYN20.png,./trainY/SYN20_GT.png
./trainX/SYN20_1.png,./trainY/SYN20_1_GT.png
./trainX/SYN20_10.png,./trainY/SYN20_10_GT.png
./trainX/SYN20_11.png,./trainY/SYN20_11_GT.png
./trainX/SYN20_12.png,./trainY/SYN20_12_GT.png
./trainX/SYN20_13.png,./trainY/SYN20_13_GT.png
./trainX/SYN20_14.png,./trainY/SYN20_14_GT.png
./trainX/SYN20_15.png,./trainY/SYN20_15_GT.png
./trainX/SYN20_16.png,./trainY/SYN20_16_GT.png
./trainX/SYN20_17.png,./trainY/SYN20_17_GT.png
./trainX/SYN20_18.png,./trainY/SYN20_18_GT.png
./trainX/SYN20_19.png,./trainY/SYN20_19_GT.png
./trainX/SYN20_2.png,./trainY/SYN20_2_GT.png
./trainX/SYN20_20.png,./trainY/SYN20_20_GT.png
./trainX/SYN20_3.png,./trainY/SYN20_3_GT.png
./trainX/SYN20_4.png,./trainY/SYN20_4_GT.png
./trainX/SYN20_5.png,./trainY/SYN20_5_GT.png
./trainX/SYN20_6.png,./trainY/SYN20_6_GT.png
./trainX/SYN20_7.png,./trainY/SYN20_7_GT.png
./trainX/SYN20_8.png,./trainY/SYN20_8_GT.png
./trainX/SYN20_9.png,./trainY/SYN20_9_GT.png
./trainX/SYN21.png,./trainY/SYN21_GT.png
./trainX/SYN21_1.png,./trainY/SYN21_1_GT.png
./trainX/SYN21_10.png,./trainY/SYN21_10_GT.png
./trainX/SYN21_11.png,./trainY/SYN21_11_GT.png
./trainX/SYN21_12.png,./trainY/SYN21_12_GT.png
./trainX/SYN21_13.png,./trainY/SYN21_13_GT.png
./trainX/SYN21_14.png,./trainY/SYN21_14_GT.png
./trainX/SYN21_15.png,./trainY/SYN21_15_GT.png
./trainX/SYN21_16.png,./trainY/SYN21_16_GT.png
./trainX/SYN21_17.png,./trainY/SYN21_17_GT.png
./trainX/SYN21_18.png,./trainY/SYN21_18_GT.png
./trainX/SYN21_19.png,./trainY/SYN21_19_GT.png
./trainX/SYN21_2.png,./trainY/SYN21_2_GT.png
./trainX/SYN21_20.png,./trainY/SYN21_20_GT.png
./trainX/SYN21_3.png,./trainY/SYN21_3_GT.png
./trainX/SYN21_4.png,./trainY/SYN21_4_GT.png
./trainX/SYN21_5.png,./trainY/SYN21_5_GT.png
./trainX/SYN21_6.png,./trainY/SYN21_6_GT.png
./trainX/SYN21_7.png,./trainY/SYN21_7_GT.png
./trainX/SYN21_8.png,./trainY/SYN21_8_GT.png
./trainX/SYN21_9.png,./trainY/SYN21_9_GT.png
./trainX/SYN22.png,./trainY/SYN22_GT.png
./trainX/SYN22_1.png,./trainY/SYN22_1_GT.png
./trainX/SYN22_10.png,./trainY/SYN22_10_GT.png
./trainX/SYN22_11.png,./trainY/SYN22_11_GT.png
./trainX/SYN22_12.png,./trainY/SYN22_12_GT.png
./trainX/SYN22_13.png,./trainY/SYN22_13_GT.png
./trainX/SYN22_14.png,./trainY/SYN22_14_GT.png
./trainX/SYN22_15.png,./trainY/SYN22_15_GT.png
./trainX/SYN22_16.png,./trainY/SYN22_16_GT.png
./trainX/SYN22_17.png,./trainY/SYN22_17_GT.png
./trainX/SYN22_18.png,./trainY/SYN22_18_GT.png
./trainX/SYN22_19.png,./trainY/SYN22_19_GT.png
./trainX/SYN22_2.png,./trainY/SYN22_2_GT.png
./trainX/SYN22_20.png,./trainY/SYN22_20_GT.png
./trainX/SYN22_3.png,./trainY/SYN22_3_GT.png
./trainX/SYN22_4.png,./trainY/SYN22_4_GT.png
./trainX/SYN22_5.png,./trainY/SYN22_5_GT.png
./trainX/SYN22_6.png,./trainY/SYN22_6_GT.png
./trainX/SYN22_7.png,./trainY/SYN22_7_GT.png
./trainX/SYN22_8.png,./trainY/SYN22_8_GT.png
./trainX/SYN22_9.png,./trainY/SYN22_9_GT.png
./trainX/SYN23.png,./trainY/SYN23_GT.png
./trainX/SYN23_1.png,./trainY/SYN23_1_GT.png
./trainX/SYN23_10.png,./trainY/SYN23_10_GT.png
./trainX/SYN23_11.png,./trainY/SYN23_11_GT.png
./trainX/SYN23_12.png,./trainY/SYN23_12_GT.png
./trainX/SYN23_13.png,./trainY/SYN23_13_GT.png
./trainX/SYN23_14.png,./trainY/SYN23_14_GT.png
./trainX/SYN23_15.png,./trainY/SYN23_15_GT.png
./trainX/SYN23_16.png,./trainY/SYN23_16_GT.png
./trainX/SYN23_17.png,./trainY/SYN23_17_GT.png
./trainX/SYN23_18.png,./trainY/SYN23_18_GT.png
./trainX/SYN23_19.png,./trainY/SYN23_19_GT.png
./trainX/SYN23_2.png,./trainY/SYN23_2_GT.png
./trainX/SYN23_20.png,./trainY/SYN23_20_GT.png
./trainX/SYN23_3.png,./trainY/SYN23_3_GT.png
./trainX/SYN23_4.png,./trainY/SYN23_4_GT.png
./trainX/SYN23_5.png,./trainY/SYN23_5_GT.png
./trainX/SYN23_6.png,./trainY/SYN23_6_GT.png
./trainX/SYN23_7.png,./trainY/SYN23_7_GT.png
./trainX/SYN23_8.png,./trainY/SYN23_8_GT.png
./trainX/SYN23_9.png,./trainY/SYN23_9_GT.png
./trainX/SYN24.png,./trainY/SYN24_GT.png
./trainX/SYN24_1.png,./trainY/SYN24_1_GT.png
./trainX/SYN24_10.png,./trainY/SYN24_10_GT.png
./trainX/SYN24_11.png,./trainY/SYN24_11_GT.png
./trainX/SYN24_12.png,./trainY/SYN24_12_GT.png
./trainX/SYN24_13.png,./trainY/SYN24_13_GT.png
./trainX/SYN24_14.png,./trainY/SYN24_14_GT.png
./trainX/SYN24_15.png,./trainY/SYN24_15_GT.png
./trainX/SYN24_16.png,./trainY/SYN24_16_GT.png
./trainX/SYN24_17.png,./trainY/SYN24_17_GT.png
./trainX/SYN24_18.png,./trainY/SYN24_18_GT.png
./trainX/SYN24_19.png,./trainY/SYN24_19_GT.png
./trainX/SYN24_2.png,./trainY/SYN24_2_GT.png
./trainX/SYN24_20.png,./trainY/SYN24_20_GT.png
./trainX/SYN24_3.png,./trainY/SYN24_3_GT.png
./trainX/SYN24_4.png,./trainY/SYN24_4_GT.png
./trainX/SYN24_5.png,./trainY/SYN24_5_GT.png
./trainX/SYN24_6.png,./trainY/SYN24_6_GT.png
./trainX/SYN24_7.png,./trainY/SYN24_7_GT.png
./trainX/SYN24_8.png,./trainY/SYN24_8_GT.png
./trainX/SYN24_9.png,./trainY/SYN24_9_GT.png
./trainX/SYN25.png,./trainY/SYN25_GT.png
./trainX/SYN25_1.png,./trainY/SYN25_1_GT.png
./trainX/SYN25_10.png,./trainY/SYN25_10_GT.png
./trainX/SYN25_11.png,./trainY/SYN25_11_GT.png
./trainX/SYN25_12.png,./trainY/SYN25_12_GT.png
./trainX/SYN25_13.png,./trainY/SYN25_13_GT.png
./trainX/SYN25_14.png,./trainY/SYN25_14_GT.png
./trainX/SYN25_15.png,./trainY/SYN25_15_GT.png
./trainX/SYN25_16.png,./trainY/SYN25_16_GT.png
./trainX/SYN25_17.png,./trainY/SYN25_17_GT.png
./trainX/SYN25_18.png,./trainY/SYN25_18_GT.png
./trainX/SYN25_19.png,./trainY/SYN25_19_GT.png
./trainX/SYN25_2.png,./trainY/SYN25_2_GT.png
./trainX/SYN25_20.png,./trainY/SYN25_20_GT.png
./trainX/SYN25_3.png,./trainY/SYN25_3_GT.png
./trainX/SYN25_4.png,./trainY/SYN25_4_GT.png
./trainX/SYN25_5.png,./trainY/SYN25_5_GT.png
./trainX/SYN25_6.png,./trainY/SYN25_6_GT.png
./trainX/SYN25_7.png,./trainY/SYN25_7_GT.png
./trainX/SYN25_8.png,./trainY/SYN25_8_GT.png
./trainX/SYN25_9.png,./trainY/SYN25_9_GT.png
./trainX/SYN26.png,./trainY/SYN26_GT.png
./trainX/SYN26_1.png,./trainY/SYN26_1_GT.png
./trainX/SYN26_10.png,./trainY/SYN26_10_GT.png
./trainX/SYN26_11.png,./trainY/SYN26_11_GT.png
./trainX/SYN26_12.png,./trainY/SYN26_12_GT.png
./trainX/SYN26_13.png,./trainY/SYN26_13_GT.png
./trainX/SYN26_14.png,./trainY/SYN26_14_GT.png
./trainX/SYN26_15.png,./trainY/SYN26_15_GT.png
./trainX/SYN26_16.png,./trainY/SYN26_16_GT.png
./trainX/SYN26_17.png,./trainY/SYN26_17_GT.png
./trainX/SYN26_18.png,./trainY/SYN26_18_GT.png
./trainX/SYN26_19.png,./trainY/SYN26_19_GT.png
./trainX/SYN26_2.png,./trainY/SYN26_2_GT.png
./trainX/SYN26_20.png,./trainY/SYN26_20_GT.png
./trainX/SYN26_3.png,./trainY/SYN26_3_GT.png
./trainX/SYN26_4.png,./trainY/SYN26_4_GT.png
./trainX/SYN26_5.png,./trainY/SYN26_5_GT.png
./trainX/SYN26_6.png,./trainY/SYN26_6_GT.png
./trainX/SYN26_7.png,./trainY/SYN26_7_GT.png
./trainX/SYN26_8.png,./trainY/SYN26_8_GT.png
./trainX/SYN26_9.png,./trainY/SYN26_9_GT.png
./trainX/SYN27.png,./trainY/SYN27_GT.png
./trainX/SYN27_1.png,./trainY/SYN27_1_GT.png
./trainX/SYN27_10.png,./trainY/SYN27_10_GT.png
./trainX/SYN27_11.png,./trainY/SYN27_11_GT.png
./trainX/SYN27_12.png,./trainY/SYN27_12_GT.png
./trainX/SYN27_13.png,./trainY/SYN27_13_GT.png
./trainX/SYN27_14.png,./trainY/SYN27_14_GT.png
./trainX/SYN27_15.png,./trainY/SYN27_15_GT.png
./trainX/SYN27_16.png,./trainY/SYN27_16_GT.png
./trainX/SYN27_17.png,./trainY/SYN27_17_GT.png
./trainX/SYN27_18.png,./trainY/SYN27_18_GT.png
./trainX/SYN27_19.png,./trainY/SYN27_19_GT.png
./trainX/SYN27_2.png,./trainY/SYN27_2_GT.png
./trainX/SYN27_20.png,./trainY/SYN27_20_GT.png
./trainX/SYN27_3.png,./trainY/SYN27_3_GT.png
./trainX/SYN27_4.png,./trainY/SYN27_4_GT.png
./trainX/SYN27_5.png,./trainY/SYN27_5_GT.png
./trainX/SYN27_6.png,./trainY/SYN27_6_GT.png
./trainX/SYN27_7.png,./trainY/SYN27_7_GT.png
./trainX/SYN27_8.png,./trainY/SYN27_8_GT.png
./trainX/SYN27_9.png,./trainY/SYN27_9_GT.png
./trainX/SYN28.png,./trainY/SYN28_GT.png
./trainX/SYN28_1.png,./trainY/SYN28_1_GT.png
./trainX/SYN28_10.png,./trainY/SYN28_10_GT.png
./trainX/SYN28_11.png,./trainY/SYN28_11_GT.png
./trainX/SYN28_12.png,./trainY/SYN28_12_GT.png
./trainX/SYN28_13.png,./trainY/SYN28_13_GT.png
./trainX/SYN28_14.png,./trainY/SYN28_14_GT.png
./trainX/SYN28_15.png,./trainY/SYN28_15_GT.png
./trainX/SYN28_16.png,./trainY/SYN28_16_GT.png
./trainX/SYN28_17.png,./trainY/SYN28_17_GT.png
./trainX/SYN28_18.png,./trainY/SYN28_18_GT.png
./trainX/SYN28_19.png,./trainY/SYN28_19_GT.png
./trainX/SYN28_2.png,./trainY/SYN28_2_GT.png
./trainX/SYN28_20.png,./trainY/SYN28_20_GT.png
./trainX/SYN28_3.png,./trainY/SYN28_3_GT.png
./trainX/SYN28_4.png,./trainY/SYN28_4_GT.png
./trainX/SYN28_5.png,./trainY/SYN28_5_GT.png
./trainX/SYN28_6.png,./trainY/SYN28_6_GT.png
./trainX/SYN28_7.png,./trainY/SYN28_7_GT.png
./trainX/SYN28_8.png,./trainY/SYN28_8_GT.png
./trainX/SYN28_9.png,./trainY/SYN28_9_GT.png
./trainX/SYN29.png,./trainY/SYN29_GT.png
./trainX/SYN29_1.png,./trainY/SYN29_1_GT.png
./trainX/SYN29_10.png,./trainY/SYN29_10_GT.png
./trainX/SYN29_11.png,./trainY/SYN29_11_GT.png
./trainX/SYN29_12.png,./trainY/SYN29_12_GT.png
./trainX/SYN29_13.png,./trainY/SYN29_13_GT.png
./trainX/SYN29_14.png,./trainY/SYN29_14_GT.png
./trainX/SYN29_15.png,./trainY/SYN29_15_GT.png
./trainX/SYN29_16.png,./trainY/SYN29_16_GT.png
./trainX/SYN29_17.png,./trainY/SYN29_17_GT.png
./trainX/SYN29_18.png,./trainY/SYN29_18_GT.png
./trainX/SYN29_19.png,./trainY/SYN29_19_GT.png
./trainX/SYN29_2.png,./trainY/SYN29_2_GT.png
./trainX/SYN29_20.png,./trainY/SYN29_20_GT.png
./trainX/SYN29_3.png,./trainY/SYN29_3_GT.png
./trainX/SYN29_4.png,./trainY/SYN29_4_GT.png
./trainX/SYN29_5.png,./trainY/SYN29_5_GT.png
./trainX/SYN29_6.png,./trainY/SYN29_6_GT.png
./trainX/SYN29_7.png,./trainY/SYN29_7_GT.png
./trainX/SYN29_8.png,./trainY/SYN29_8_GT.png
./trainX/SYN29_9.png,./trainY/SYN29_9_GT.png
./trainX/SYN2_1.png,./trainY/SYN2_1_GT.png
./trainX/SYN2_10.png,./trainY/SYN2_10_GT.png
./trainX/SYN2_11.png,./trainY/SYN2_11_GT.png
./trainX/SYN2_12.png,./trainY/SYN2_12_GT.png
./trainX/SYN2_13.png,./trainY/SYN2_13_GT.png
./trainX/SYN2_14.png,./trainY/SYN2_14_GT.png
./trainX/SYN2_15.png,./trainY/SYN2_15_GT.png
./trainX/SYN2_16.png,./trainY/SYN2_16_GT.png
./trainX/SYN2_17.png,./trainY/SYN2_17_GT.png
./trainX/SYN2_18.png,./trainY/SYN2_18_GT.png
./trainX/SYN2_19.png,./trainY/SYN2_19_GT.png
./trainX/SYN2_2.png,./trainY/SYN2_2_GT.png
./trainX/SYN2_20.png,./trainY/SYN2_20_GT.png
./trainX/SYN2_3.png,./trainY/SYN2_3_GT.png
./trainX/SYN2_4.png,./trainY/SYN2_4_GT.png
./trainX/SYN2_5.png,./trainY/SYN2_5_GT.png
./trainX/SYN2_6.png,./trainY/SYN2_6_GT.png
./trainX/SYN2_7.png,./trainY/SYN2_7_GT.png
./trainX/SYN2_8.png,./trainY/SYN2_8_GT.png
./trainX/SYN2_9.png,./trainY/SYN2_9_GT.png
./trainX/SYN3.png,./trainY/SYN3_GT.png
./trainX/SYN30.png,./trainY/SYN30_GT.png
./trainX/SYN30_1.png,./trainY/SYN30_1_GT.png
./trainX/SYN30_10.png,./trainY/SYN30_10_GT.png
./trainX/SYN30_11.png,./trainY/SYN30_11_GT.png
./trainX/SYN30_12.png,./trainY/SYN30_12_GT.png
./trainX/SYN30_13.png,./trainY/SYN30_13_GT.png
./trainX/SYN30_14.png,./trainY/SYN30_14_GT.png
./trainX/SYN30_15.png,./trainY/SYN30_15_GT.png
./trainX/SYN30_16.png,./trainY/SYN30_16_GT.png
./trainX/SYN30_17.png,./trainY/SYN30_17_GT.png
./trainX/SYN30_18.png,./trainY/SYN30_18_GT.png
./trainX/SYN30_19.png,./trainY/SYN30_19_GT.png
./trainX/SYN30_2.png,./trainY/SYN30_2_GT.png
./trainX/SYN30_20.png,./trainY/SYN30_20_GT.png
./trainX/SYN30_3.png,./trainY/SYN30_3_GT.png
./trainX/SYN30_4.png,./trainY/SYN30_4_GT.png
./trainX/SYN30_5.png,./trainY/SYN30_5_GT.png
./trainX/SYN30_6.png,./trainY/SYN30_6_GT.png
./trainX/SYN30_7.png,./trainY/SYN30_7_GT.png
./trainX/SYN30_8.png,./trainY/SYN30_8_GT.png
./trainX/SYN30_9.png,./trainY/SYN30_9_GT.png
./trainX/SYN31.png,./trainY/SYN31_GT.png
./trainX/SYN31_1.png,./trainY/SYN31_1_GT.png
./trainX/SYN31_10.png,./trainY/SYN31_10_GT.png
./trainX/SYN31_11.png,./trainY/SYN31_11_GT.png
./trainX/SYN31_12.png,./trainY/SYN31_12_GT.png
./trainX/SYN31_13.png,./trainY/SYN31_13_GT.png
./trainX/SYN31_14.png,./trainY/SYN31_14_GT.png
./trainX/SYN31_15.png,./trainY/SYN31_15_GT.png
./trainX/SYN31_16.png,./trainY/SYN31_16_GT.png
./trainX/SYN31_17.png,./trainY/SYN31_17_GT.png
./trainX/SYN31_18.png,./trainY/SYN31_18_GT.png
./trainX/SYN31_19.png,./trainY/SYN31_19_GT.png
./trainX/SYN31_2.png,./trainY/SYN31_2_GT.png
./trainX/SYN31_20.png,./trainY/SYN31_20_GT.png
./trainX/SYN31_3.png,./trainY/SYN31_3_GT.png
./trainX/SYN31_4.png,./trainY/SYN31_4_GT.png
./trainX/SYN31_5.png,./trainY/SYN31_5_GT.png
./trainX/SYN31_6.png,./trainY/SYN31_6_GT.png
./trainX/SYN31_7.png,./trainY/SYN31_7_GT.png
./trainX/SYN31_8.png,./trainY/SYN31_8_GT.png
./trainX/SYN31_9.png,./trainY/SYN31_9_GT.png
./trainX/SYN32.png,./trainY/SYN32_GT.png
./trainX/SYN32_1.png,./trainY/SYN32_1_GT.png
./trainX/SYN32_10.png,./trainY/SYN32_10_GT.png
./trainX/SYN32_11.png,./trainY/SYN32_11_GT.png
./trainX/SYN32_12.png,./trainY/SYN32_12_GT.png
./trainX/SYN32_13.png,./trainY/SYN32_13_GT.png
./trainX/SYN32_14.png,./trainY/SYN32_14_GT.png
./trainX/SYN32_15.png,./trainY/SYN32_15_GT.png
./trainX/SYN32_16.png,./trainY/SYN32_16_GT.png
./trainX/SYN32_17.png,./trainY/SYN32_17_GT.png
./trainX/SYN32_18.png,./trainY/SYN32_18_GT.png
./trainX/SYN32_19.png,./trainY/SYN32_19_GT.png
./trainX/SYN32_2.png,./trainY/SYN32_2_GT.png
./trainX/SYN32_20.png,./trainY/SYN32_20_GT.png
./trainX/SYN32_3.png,./trainY/SYN32_3_GT.png
./trainX/SYN32_4.png,./trainY/SYN32_4_GT.png
./trainX/SYN32_5.png,./trainY/SYN32_5_GT.png
./trainX/SYN32_6.png,./trainY/SYN32_6_GT.png
./trainX/SYN32_7.png,./trainY/SYN32_7_GT.png
./trainX/SYN32_8.png,./trainY/SYN32_8_GT.png
./trainX/SYN32_9.png,./trainY/SYN32_9_GT.png
./trainX/SYN33.png,./trainY/SYN33_GT.png
./trainX/SYN33_1.png,./trainY/SYN33_1_GT.png
./trainX/SYN33_10.png,./trainY/SYN33_10_GT.png
./trainX/SYN33_11.png,./trainY/SYN33_11_GT.png
./trainX/SYN33_12.png,./trainY/SYN33_12_GT.png
./trainX/SYN33_13.png,./trainY/SYN33_13_GT.png
./trainX/SYN33_14.png,./trainY/SYN33_14_GT.png
./trainX/SYN33_15.png,./trainY/SYN33_15_GT.png
./trainX/SYN33_16.png,./trainY/SYN33_16_GT.png
./trainX/SYN33_17.png,./trainY/SYN33_17_GT.png
./trainX/SYN33_18.png,./trainY/SYN33_18_GT.png
./trainX/SYN33_19.png,./trainY/SYN33_19_GT.png
./trainX/SYN33_2.png,./trainY/SYN33_2_GT.png
./trainX/SYN33_20.png,./trainY/SYN33_20_GT.png
./trainX/SYN33_3.png,./trainY/SYN33_3_GT.png
./trainX/SYN33_4.png,./trainY/SYN33_4_GT.png
./trainX/SYN33_5.png,./trainY/SYN33_5_GT.png
./trainX/SYN33_6.png,./trainY/SYN33_6_GT.png
./trainX/SYN33_7.png,./trainY/SYN33_7_GT.png
./trainX/SYN33_8.png,./trainY/SYN33_8_GT.png
./trainX/SYN33_9.png,./trainY/SYN33_9_GT.png
./trainX/SYN34.png,./trainY/SYN34_GT.png
./trainX/SYN34_1.png,./trainY/SYN34_1_GT.png
./trainX/SYN34_10.png,./trainY/SYN34_10_GT.png
./trainX/SYN34_11.png,./trainY/SYN34_11_GT.png
./trainX/SYN34_12.png,./trainY/SYN34_12_GT.png
./trainX/SYN34_13.png,./trainY/SYN34_13_GT.png
./trainX/SYN34_14.png,./trainY/SYN34_14_GT.png
./trainX/SYN34_15.png,./trainY/SYN34_15_GT.png
./trainX/SYN34_16.png,./trainY/SYN34_16_GT.png
./trainX/SYN34_17.png,./trainY/SYN34_17_GT.png
./trainX/SYN34_18.png,./trainY/SYN34_18_GT.png
./trainX/SYN34_19.png,./trainY/SYN34_19_GT.png
./trainX/SYN34_2.png,./trainY/SYN34_2_GT.png
./trainX/SYN34_20.png,./trainY/SYN34_20_GT.png
./trainX/SYN34_3.png,./trainY/SYN34_3_GT.png
./trainX/SYN34_4.png,./trainY/SYN34_4_GT.png
./trainX/SYN34_5.png,./trainY/SYN34_5_GT.png
./trainX/SYN34_6.png,./trainY/SYN34_6_GT.png
./trainX/SYN34_7.png,./trainY/SYN34_7_GT.png
./trainX/SYN34_8.png,./trainY/SYN34_8_GT.png
./trainX/SYN34_9.png,./trainY/SYN34_9_GT.png
./trainX/SYN35.png,./trainY/SYN35_GT.png
./trainX/SYN35_1.png,./trainY/SYN35_1_GT.png
./trainX/SYN35_10.png,./trainY/SYN35_10_GT.png
./trainX/SYN35_11.png,./trainY/SYN35_11_GT.png
./trainX/SYN35_12.png,./trainY/SYN35_12_GT.png
./trainX/SYN35_13.png,./trainY/SYN35_13_GT.png
./trainX/SYN35_14.png,./trainY/SYN35_14_GT.png
./trainX/SYN35_15.png,./trainY/SYN35_15_GT.png
./trainX/SYN35_16.png,./trainY/SYN35_16_GT.png
./trainX/SYN35_17.png,./trainY/SYN35_17_GT.png
./trainX/SYN35_18.png,./trainY/SYN35_18_GT.png
./trainX/SYN35_19.png,./trainY/SYN35_19_GT.png
./trainX/SYN35_2.png,./trainY/SYN35_2_GT.png
./trainX/SYN35_20.png,./trainY/SYN35_20_GT.png
./trainX/SYN35_3.png,./trainY/SYN35_3_GT.png
./trainX/SYN35_4.png,./trainY/SYN35_4_GT.png
./trainX/SYN35_5.png,./trainY/SYN35_5_GT.png
./trainX/SYN35_6.png,./trainY/SYN35_6_GT.png
./trainX/SYN35_7.png,./trainY/SYN35_7_GT.png
./trainX/SYN35_8.png,./trainY/SYN35_8_GT.png
./trainX/SYN35_9.png,./trainY/SYN35_9_GT.png
./trainX/SYN36.png,./trainY/SYN36_GT.png
./trainX/SYN36_1.png,./trainY/SYN36_1_GT.png
./trainX/SYN36_10.png,./trainY/SYN36_10_GT.png
./trainX/SYN36_11.png,./trainY/SYN36_11_GT.png
./trainX/SYN36_12.png,./trainY/SYN36_12_GT.png
./trainX/SYN36_13.png,./trainY/SYN36_13_GT.png
./trainX/SYN36_14.png,./trainY/SYN36_14_GT.png
./trainX/SYN36_15.png,./trainY/SYN36_15_GT.png
./trainX/SYN36_16.png,./trainY/SYN36_16_GT.png
./trainX/SYN36_17.png,./trainY/SYN36_17_GT.png
./trainX/SYN36_18.png,./trainY/SYN36_18_GT.png
./trainX/SYN36_19.png,./trainY/SYN36_19_GT.png
./trainX/SYN36_2.png,./trainY/SYN36_2_GT.png
./trainX/SYN36_20.png,./trainY/SYN36_20_GT.png
./trainX/SYN36_3.png,./trainY/SYN36_3_GT.png
./trainX/SYN36_4.png,./trainY/SYN36_4_GT.png
./trainX/SYN36_5.png,./trainY/SYN36_5_GT.png
./trainX/SYN36_6.png,./trainY/SYN36_6_GT.png
./trainX/SYN36_7.png,./trainY/SYN36_7_GT.png
./trainX/SYN36_8.png,./trainY/SYN36_8_GT.png
./trainX/SYN36_9.png,./trainY/SYN36_9_GT.png
./trainX/SYN37.png,./trainY/SYN37_GT.png
./trainX/SYN37_1.png,./trainY/SYN37_1_GT.png
./trainX/SYN37_10.png,./trainY/SYN37_10_GT.png
./trainX/SYN37_11.png,./trainY/SYN37_11_GT.png
./trainX/SYN37_12.png,./trainY/SYN37_12_GT.png
./trainX/SYN37_13.png,./trainY/SYN37_13_GT.png
./trainX/SYN37_14.png,./trainY/SYN37_14_GT.png
./trainX/SYN37_15.png,./trainY/SYN37_15_GT.png
./trainX/SYN37_16.png,./trainY/SYN37_16_GT.png
./trainX/SYN37_17.png,./trainY/SYN37_17_GT.png
./trainX/SYN37_18.png,./trainY/SYN37_18_GT.png
./trainX/SYN37_19.png,./trainY/SYN37_19_GT.png
./trainX/SYN37_2.png,./trainY/SYN37_2_GT.png
./trainX/SYN37_20.png,./trainY/SYN37_20_GT.png
./trainX/SYN37_3.png,./trainY/SYN37_3_GT.png
./trainX/SYN37_4.png,./trainY/SYN37_4_GT.png
./trainX/SYN37_5.png,./trainY/SYN37_5_GT.png
./trainX/SYN37_6.png,./trainY/SYN37_6_GT.png
./trainX/SYN37_7.png,./trainY/SYN37_7_GT.png
./trainX/SYN37_8.png,./trainY/SYN37_8_GT.png
./trainX/SYN37_9.png,./trainY/SYN37_9_GT.png
./trainX/SYN38.png,./trainY/SYN38_GT.png
./trainX/SYN38_1.png,./trainY/SYN38_1_GT.png
./trainX/SYN38_10.png,./trainY/SYN38_10_GT.png
./trainX/SYN38_11.png,./trainY/SYN38_11_GT.png
./trainX/SYN38_12.png,./trainY/SYN38_12_GT.png
./trainX/SYN38_13.png,./trainY/SYN38_13_GT.png
./trainX/SYN38_14.png,./trainY/SYN38_14_GT.png
./trainX/SYN38_15.png,./trainY/SYN38_15_GT.png
./trainX/SYN38_16.png,./trainY/SYN38_16_GT.png
./trainX/SYN38_17.png,./trainY/SYN38_17_GT.png
./trainX/SYN38_18.png,./trainY/SYN38_18_GT.png
./trainX/SYN38_19.png,./trainY/SYN38_19_GT.png
./trainX/SYN38_2.png,./trainY/SYN38_2_GT.png
./trainX/SYN38_20.png,./trainY/SYN38_20_GT.png
./trainX/SYN38_3.png,./trainY/SYN38_3_GT.png
./trainX/SYN38_4.png,./trainY/SYN38_4_GT.png
./trainX/SYN38_5.png,./trainY/SYN38_5_GT.png
./trainX/SYN38_6.png,./trainY/SYN38_6_GT.png
./trainX/SYN38_7.png,./trainY/SYN38_7_GT.png
./trainX/SYN38_8.png,./trainY/SYN38_8_GT.png
./trainX/SYN38_9.png,./trainY/SYN38_9_GT.png
./trainX/SYN39.png,./trainY/SYN39_GT.png
./trainX/SYN39_1.png,./trainY/SYN39_1_GT.png
./trainX/SYN39_10.png,./trainY/SYN39_10_GT.png
./trainX/SYN39_11.png,./trainY/SYN39_11_GT.png
./trainX/SYN39_12.png,./trainY/SYN39_12_GT.png
./trainX/SYN39_13.png,./trainY/SYN39_13_GT.png
./trainX/SYN39_14.png,./trainY/SYN39_14_GT.png
./trainX/SYN39_15.png,./trainY/SYN39_15_GT.png
./trainX/SYN39_16.png,./trainY/SYN39_16_GT.png
./trainX/SYN39_17.png,./trainY/SYN39_17_GT.png
./trainX/SYN39_18.png,./trainY/SYN39_18_GT.png
./trainX/SYN39_19.png,./trainY/SYN39_19_GT.png
./trainX/SYN39_2.png,./trainY/SYN39_2_GT.png
./trainX/SYN39_20.png,./trainY/SYN39_20_GT.png
./trainX/SYN39_3.png,./trainY/SYN39_3_GT.png
./trainX/SYN39_4.png,./trainY/SYN39_4_GT.png
./trainX/SYN39_5.png,./trainY/SYN39_5_GT.png
./trainX/SYN39_6.png,./trainY/SYN39_6_GT.png
./trainX/SYN39_7.png,./trainY/SYN39_7_GT.png
./trainX/SYN39_8.png,./trainY/SYN39_8_GT.png
./trainX/SYN39_9.png,./trainY/SYN39_9_GT.png
./trainX/SYN3_1.png,./trainY/SYN3_1_GT.png
./trainX/SYN3_10.png,./trainY/SYN3_10_GT.png
./trainX/SYN3_11.png,./trainY/SYN3_11_GT.png
./trainX/SYN3_12.png,./trainY/SYN3_12_GT.png
./trainX/SYN3_13.png,./trainY/SYN3_13_GT.png
./trainX/SYN3_14.png,./trainY/SYN3_14_GT.png
./trainX/SYN3_15.png,./trainY/SYN3_15_GT.png
./trainX/SYN3_16.png,./trainY/SYN3_16_GT.png
./trainX/SYN3_17.png,./trainY/SYN3_17_GT.png
./trainX/SYN3_18.png,./trainY/SYN3_18_GT.png
./trainX/SYN3_19.png,./trainY/SYN3_19_GT.png
./trainX/SYN3_2.png,./trainY/SYN3_2_GT.png
./trainX/SYN3_20.png,./trainY/SYN3_20_GT.png
./trainX/SYN3_3.png,./trainY/SYN3_3_GT.png
./trainX/SYN3_4.png,./trainY/SYN3_4_GT.png
./trainX/SYN3_5.png,./trainY/SYN3_5_GT.png
./trainX/SYN3_6.png,./trainY/SYN3_6_GT.png
./trainX/SYN3_7.png,./trainY/SYN3_7_GT.png
./trainX/SYN3_8.png,./trainY/SYN3_8_GT.png
./trainX/SYN3_9.png,./trainY/SYN3_9_GT.png
./trainX/SYN4.png,./trainY/SYN4_GT.png
./trainX/SYN40.png,./trainY/SYN40_GT.png
./trainX/SYN40_1.png,./trainY/SYN40_1_GT.png
./trainX/SYN40_10.png,./trainY/SYN40_10_GT.png
./trainX/SYN40_11.png,./trainY/SYN40_11_GT.png
./trainX/SYN40_12.png,./trainY/SYN40_12_GT.png
./trainX/SYN40_13.png,./trainY/SYN40_13_GT.png
./trainX/SYN40_14.png,./trainY/SYN40_14_GT.png
./trainX/SYN40_15.png,./trainY/SYN40_15_GT.png
./trainX/SYN40_16.png,./trainY/SYN40_16_GT.png
./trainX/SYN40_17.png,./trainY/SYN40_17_GT.png
./trainX/SYN40_18.png,./trainY/SYN40_18_GT.png
./trainX/SYN40_19.png,./trainY/SYN40_19_GT.png
./trainX/SYN40_2.png,./trainY/SYN40_2_GT.png
./trainX/SYN40_20.png,./trainY/SYN40_20_GT.png
./trainX/SYN40_3.png,./trainY/SYN40_3_GT.png
./trainX/SYN40_4.png,./trainY/SYN40_4_GT.png
./trainX/SYN40_5.png,./trainY/SYN40_5_GT.png
./trainX/SYN40_6.png,./trainY/SYN40_6_GT.png
./trainX/SYN40_7.png,./trainY/SYN40_7_GT.png
./trainX/SYN40_8.png,./trainY/SYN40_8_GT.png
./trainX/SYN40_9.png,./trainY/SYN40_9_GT.png
./trainX/SYN41.png,./trainY/SYN41_GT.png
./trainX/SYN41_1.png,./trainY/SYN41_1_GT.png
./trainX/SYN41_10.png,./trainY/SYN41_10_GT.png
./trainX/SYN41_11.png,./trainY/SYN41_11_GT.png
./trainX/SYN41_12.png,./trainY/SYN41_12_GT.png
./trainX/SYN41_13.png,./trainY/SYN41_13_GT.png
./trainX/SYN41_14.png,./trainY/SYN41_14_GT.png
./trainX/SYN41_15.png,./trainY/SYN41_15_GT.png
./trainX/SYN41_16.png,./trainY/SYN41_16_GT.png
./trainX/SYN41_17.png,./trainY/SYN41_17_GT.png
./trainX/SYN41_18.png,./trainY/SYN41_18_GT.png
./trainX/SYN41_19.png,./trainY/SYN41_19_GT.png
./trainX/SYN41_2.png,./trainY/SYN41_2_GT.png
./trainX/SYN41_20.png,./trainY/SYN41_20_GT.png
./trainX/SYN41_3.png,./trainY/SYN41_3_GT.png
./trainX/SYN41_4.png,./trainY/SYN41_4_GT.png
./trainX/SYN41_5.png,./trainY/SYN41_5_GT.png
./trainX/SYN41_6.png,./trainY/SYN41_6_GT.png
./trainX/SYN41_7.png,./trainY/SYN41_7_GT.png
./trainX/SYN41_8.png,./trainY/SYN41_8_GT.png
./trainX/SYN41_9.png,./trainY/SYN41_9_GT.png
./trainX/SYN42.png,./trainY/SYN42_GT.png
./trainX/SYN42_1.png,./trainY/SYN42_1_GT.png
./trainX/SYN42_10.png,./trainY/SYN42_10_GT.png
./trainX/SYN42_11.png,./trainY/SYN42_11_GT.png
./trainX/SYN42_12.png,./trainY/SYN42_12_GT.png
./trainX/SYN42_13.png,./trainY/SYN42_13_GT.png
./trainX/SYN42_14.png,./trainY/SYN42_14_GT.png
./trainX/SYN42_15.png,./trainY/SYN42_15_GT.png
./trainX/SYN42_16.png,./trainY/SYN42_16_GT.png
./trainX/SYN42_17.png,./trainY/SYN42_17_GT.png
./trainX/SYN42_18.png,./trainY/SYN42_18_GT.png
./trainX/SYN42_19.png,./trainY/SYN42_19_GT.png
./trainX/SYN42_2.png,./trainY/SYN42_2_GT.png
./trainX/SYN42_20.png,./trainY/SYN42_20_GT.png
./trainX/SYN42_3.png,./trainY/SYN42_3_GT.png
./trainX/SYN42_4.png,./trainY/SYN42_4_GT.png
./trainX/SYN42_5.png,./trainY/SYN42_5_GT.png
./trainX/SYN42_6.png,./trainY/SYN42_6_GT.png
./trainX/SYN42_7.png,./trainY/SYN42_7_GT.png
./trainX/SYN42_8.png,./trainY/SYN42_8_GT.png
./trainX/SYN42_9.png,./trainY/SYN42_9_GT.png
./trainX/SYN43.png,./trainY/SYN43_GT.png
./trainX/SYN43_1.png,./trainY/SYN43_1_GT.png
./trainX/SYN43_10.png,./trainY/SYN43_10_GT.png
./trainX/SYN43_11.png,./trainY/SYN43_11_GT.png
./trainX/SYN43_12.png,./trainY/SYN43_12_GT.png
./trainX/SYN43_13.png,./trainY/SYN43_13_GT.png
./trainX/SYN43_14.png,./trainY/SYN43_14_GT.png
./trainX/SYN43_15.png,./trainY/SYN43_15_GT.png
./trainX/SYN43_16.png,./trainY/SYN43_16_GT.png
./trainX/SYN43_17.png,./trainY/SYN43_17_GT.png
./trainX/SYN43_18.png,./trainY/SYN43_18_GT.png
./trainX/SYN43_19.png,./trainY/SYN43_19_GT.png
./trainX/SYN43_2.png,./trainY/SYN43_2_GT.png
./trainX/SYN43_20.png,./trainY/SYN43_20_GT.png
./trainX/SYN43_3.png,./trainY/SYN43_3_GT.png
./trainX/SYN43_4.png,./trainY/SYN43_4_GT.png
./trainX/SYN43_5.png,./trainY/SYN43_5_GT.png
./trainX/SYN43_6.png,./trainY/SYN43_6_GT.png
./trainX/SYN43_7.png,./trainY/SYN43_7_GT.png
./trainX/SYN43_8.png,./trainY/SYN43_8_GT.png
./trainX/SYN43_9.png,./trainY/SYN43_9_GT.png
./trainX/SYN44.png,./trainY/SYN44_GT.png
./trainX/SYN44_1.png,./trainY/SYN44_1_GT.png
./trainX/SYN44_10.png,./trainY/SYN44_10_GT.png
./trainX/SYN44_11.png,./trainY/SYN44_11_GT.png
./trainX/SYN44_12.png,./trainY/SYN44_12_GT.png
./trainX/SYN44_13.png,./trainY/SYN44_13_GT.png
./trainX/SYN44_14.png,./trainY/SYN44_14_GT.png
./trainX/SYN44_15.png,./trainY/SYN44_15_GT.png
./trainX/SYN44_16.png,./trainY/SYN44_16_GT.png
./trainX/SYN44_17.png,./trainY/SYN44_17_GT.png
./trainX/SYN44_18.png,./trainY/SYN44_18_GT.png
./trainX/SYN44_19.png,./trainY/SYN44_19_GT.png
./trainX/SYN44_2.png,./trainY/SYN44_2_GT.png
./trainX/SYN44_20.png,./trainY/SYN44_20_GT.png
./trainX/SYN44_3.png,./trainY/SYN44_3_GT.png
./trainX/SYN44_4.png,./trainY/SYN44_4_GT.png
./trainX/SYN44_5.png,./trainY/SYN44_5_GT.png
./trainX/SYN44_6.png,./trainY/SYN44_6_GT.png
./trainX/SYN44_7.png,./trainY/SYN44_7_GT.png
./trainX/SYN44_8.png,./trainY/SYN44_8_GT.png
./trainX/SYN44_9.png,./trainY/SYN44_9_GT.png
./trainX/SYN45.png,./trainY/SYN45_GT.png
./trainX/SYN45_1.png,./trainY/SYN45_1_GT.png
./trainX/SYN45_10.png,./trainY/SYN45_10_GT.png
./trainX/SYN45_11.png,./trainY/SYN45_11_GT.png
./trainX/SYN45_12.png,./trainY/SYN45_12_GT.png
./trainX/SYN45_13.png,./trainY/SYN45_13_GT.png
./trainX/SYN45_14.png,./trainY/SYN45_14_GT.png
./trainX/SYN45_15.png,./trainY/SYN45_15_GT.png
./trainX/SYN45_16.png,./trainY/SYN45_16_GT.png
./trainX/SYN45_17.png,./trainY/SYN45_17_GT.png
./trainX/SYN45_18.png,./trainY/SYN45_18_GT.png
./trainX/SYN45_19.png,./trainY/SYN45_19_GT.png
./trainX/SYN45_2.png,./trainY/SYN45_2_GT.png
./trainX/SYN45_20.png,./trainY/SYN45_20_GT.png
./trainX/SYN45_3.png,./trainY/SYN45_3_GT.png
./trainX/SYN45_4.png,./trainY/SYN45_4_GT.png
./trainX/SYN45_5.png,./trainY/SYN45_5_GT.png
./trainX/SYN45_6.png,./trainY/SYN45_6_GT.png
./trainX/SYN45_7.png,./trainY/SYN45_7_GT.png
./trainX/SYN45_8.png,./trainY/SYN45_8_GT.png
./trainX/SYN45_9.png,./trainY/SYN45_9_GT.png
./trainX/SYN4_1.png,./trainY/SYN4_1_GT.png
./trainX/SYN4_10.png,./trainY/SYN4_10_GT.png
./trainX/SYN4_11.png,./trainY/SYN4_11_GT.png
./trainX/SYN4_12.png,./trainY/SYN4_12_GT.png
./trainX/SYN4_13.png,./trainY/SYN4_13_GT.png
./trainX/SYN4_14.png,./trainY/SYN4_14_GT.png
./trainX/SYN4_15.png,./trainY/SYN4_15_GT.png
./trainX/SYN4_16.png,./trainY/SYN4_16_GT.png
./trainX/SYN4_17.png,./trainY/SYN4_17_GT.png
./trainX/SYN4_18.png,./trainY/SYN4_18_GT.png
./trainX/SYN4_19.png,./trainY/SYN4_19_GT.png
./trainX/SYN4_2.png,./trainY/SYN4_2_GT.png
./trainX/SYN4_20.png,./trainY/SYN4_20_GT.png
./trainX/SYN4_3.png,./trainY/SYN4_3_GT.png
./trainX/SYN4_4.png,./trainY/SYN4_4_GT.png
./trainX/SYN4_5.png,./trainY/SYN4_5_GT.png
./trainX/SYN4_6.png,./trainY/SYN4_6_GT.png
./trainX/SYN4_7.png,./trainY/SYN4_7_GT.png
./trainX/SYN4_8.png,./trainY/SYN4_8_GT.png
./trainX/SYN4_9.png,./trainY/SYN4_9_GT.png
./trainX/SYN5.png,./trainY/SYN5_GT.png
./trainX/SYN5_1.png,./trainY/SYN5_1_GT.png
./trainX/SYN5_10.png,./trainY/SYN5_10_GT.png
./trainX/SYN5_11.png,./trainY/SYN5_11_GT.png
./trainX/SYN5_12.png,./trainY/SYN5_12_GT.png
./trainX/SYN5_13.png,./trainY/SYN5_13_GT.png
./trainX/SYN5_14.png,./trainY/SYN5_14_GT.png
./trainX/SYN5_15.png,./trainY/SYN5_15_GT.png
./trainX/SYN5_16.png,./trainY/SYN5_16_GT.png
./trainX/SYN5_17.png,./trainY/SYN5_17_GT.png
./trainX/SYN5_18.png,./trainY/SYN5_18_GT.png
./trainX/SYN5_19.png,./trainY/SYN5_19_GT.png
./trainX/SYN5_2.png,./trainY/SYN5_2_GT.png
./trainX/SYN5_20.png,./trainY/SYN5_20_GT.png
./trainX/SYN5_3.png,./trainY/SYN5_3_GT.png
./trainX/SYN5_4.png,./trainY/SYN5_4_GT.png
./trainX/SYN5_5.png,./trainY/SYN5_5_GT.png
./trainX/SYN5_6.png,./trainY/SYN5_6_GT.png
./trainX/SYN5_7.png,./trainY/SYN5_7_GT.png
./trainX/SYN5_8.png,./trainY/SYN5_8_GT.png
./trainX/SYN5_9.png,./trainY/SYN5_9_GT.png
./trainX/SYN6.png,./trainY/SYN6_GT.png
./trainX/SYN6_1.png,./trainY/SYN6_1_GT.png
./trainX/SYN6_10.png,./trainY/SYN6_10_GT.png
./trainX/SYN6_11.png,./trainY/SYN6_11_GT.png
./trainX/SYN6_12.png,./trainY/SYN6_12_GT.png
./trainX/SYN6_13.png,./trainY/SYN6_13_GT.png
./trainX/SYN6_14.png,./trainY/SYN6_14_GT.png
./trainX/SYN6_15.png,./trainY/SYN6_15_GT.png
./trainX/SYN6_16.png,./trainY/SYN6_16_GT.png
./trainX/SYN6_17.png,./trainY/SYN6_17_GT.png
./trainX/SYN6_18.png,./trainY/SYN6_18_GT.png
./trainX/SYN6_19.png,./trainY/SYN6_19_GT.png
./trainX/SYN6_2.png,./trainY/SYN6_2_GT.png
./trainX/SYN6_20.png,./trainY/SYN6_20_GT.png
./trainX/SYN6_3.png,./trainY/SYN6_3_GT.png
./trainX/SYN6_4.png,./trainY/SYN6_4_GT.png
./trainX/SYN6_5.png,./trainY/SYN6_5_GT.png
./trainX/SYN6_6.png,./trainY/SYN6_6_GT.png
./trainX/SYN6_7.png,./trainY/SYN6_7_GT.png
./trainX/SYN6_8.png,./trainY/SYN6_8_GT.png
./trainX/SYN6_9.png,./trainY/SYN6_9_GT.png
./trainX/SYN7.png,./trainY/SYN7_GT.png
./trainX/SYN7_1.png,./trainY/SYN7_1_GT.png
./trainX/SYN7_10.png,./trainY/SYN7_10_GT.png
./trainX/SYN7_11.png,./trainY/SYN7_11_GT.png
./trainX/SYN7_12.png,./trainY/SYN7_12_GT.png
./trainX/SYN7_13.png,./trainY/SYN7_13_GT.png
./trainX/SYN7_14.png,./trainY/SYN7_14_GT.png
./trainX/SYN7_15.png,./trainY/SYN7_15_GT.png
./trainX/SYN7_16.png,./trainY/SYN7_16_GT.png
./trainX/SYN7_17.png,./trainY/SYN7_17_GT.png
./trainX/SYN7_18.png,./trainY/SYN7_18_GT.png
./trainX/SYN7_19.png,./trainY/SYN7_19_GT.png
./trainX/SYN7_2.png,./trainY/SYN7_2_GT.png
./trainX/SYN7_20.png,./trainY/SYN7_20_GT.png
./trainX/SYN7_3.png,./trainY/SYN7_3_GT.png
./trainX/SYN7_4.png,./trainY/SYN7_4_GT.png
./trainX/SYN7_5.png,./trainY/SYN7_5_GT.png
./trainX/SYN7_6.png,./trainY/SYN7_6_GT.png
./trainX/SYN7_7.png,./trainY/SYN7_7_GT.png
./trainX/SYN7_8.png,./trainY/SYN7_8_GT.png
./trainX/SYN7_9.png,./trainY/SYN7_9_GT.png
./trainX/SYN8.png,./trainY/SYN8_GT.png
./trainX/SYN8_1.png,./trainY/SYN8_1_GT.png
./trainX/SYN8_10.png,./trainY/SYN8_10_GT.png
./trainX/SYN8_11.png,./trainY/SYN8_11_GT.png
./trainX/SYN8_12.png,./trainY/SYN8_12_GT.png
./trainX/SYN8_13.png,./trainY/SYN8_13_GT.png
./trainX/SYN8_14.png,./trainY/SYN8_14_GT.png
./trainX/SYN8_15.png,./trainY/SYN8_15_GT.png
./trainX/SYN8_16.png,./trainY/SYN8_16_GT.png
./trainX/SYN8_17.png,./trainY/SYN8_17_GT.png
./trainX/SYN8_18.png,./trainY/SYN8_18_GT.png
./trainX/SYN8_19.png,./trainY/SYN8_19_GT.png
./trainX/SYN8_2.png,./trainY/SYN8_2_GT.png
./trainX/SYN8_20.png,./trainY/SYN8_20_GT.png
./trainX/SYN8_3.png,./trainY/SYN8_3_GT.png
./trainX/SYN8_4.png,./trainY/SYN8_4_GT.png
./trainX/SYN8_5.png,./trainY/SYN8_5_GT.png
./trainX/SYN8_6.png,./trainY/SYN8_6_GT.png
./trainX/SYN8_7.png,./trainY/SYN8_7_GT.png
./trainX/SYN8_8.png,./trainY/SYN8_8_GT.png
./trainX/SYN8_9.png,./trainY/SYN8_9_GT.png
./trainX/SYN9.png,./trainY/SYN9_GT.png
./trainX/SYN9_1.png,./trainY/SYN9_1_GT.png
./trainX/SYN9_10.png,./trainY/SYN9_10_GT.png
./trainX/SYN9_11.png,./trainY/SYN9_11_GT.png
./trainX/SYN9_12.png,./trainY/SYN9_12_GT.png
./trainX/SYN9_13.png,./trainY/SYN9_13_GT.png
./trainX/SYN9_14.png,./trainY/SYN9_14_GT.png
./trainX/SYN9_15.png,./trainY/SYN9_15_GT.png
./trainX/SYN9_16.png,./trainY/SYN9_16_GT.png
./trainX/SYN9_17.png,./trainY/SYN9_17_GT.png
./trainX/SYN9_18.png,./trainY/SYN9_18_GT.png
./trainX/SYN9_19.png,./trainY/SYN9_19_GT.png
./trainX/SYN9_2.png,./trainY/SYN9_2_GT.png
./trainX/SYN9_20.png,./trainY/SYN9_20_GT.png
./trainX/SYN9_3.png,./trainY/SYN9_3_GT.png
./trainX/SYN9_4.png,./trainY/SYN9_4_GT.png
./trainX/SYN9_5.png,./trainY/SYN9_5_GT.png
./trainX/SYN9_6.png,./trainY/SYN9_6_GT.png
./trainX/SYN9_7.png,./trainY/SYN9_7_GT.png
./trainX/SYN9_8.png,./trainY/SYN9_8_GT.png
./trainX/SYN9_9.png,./trainY/SYN9_9_GT.png
