features,label
./valX/SYN100.png,./valY/SYN100_GT.png
./valX/SYN101.png,./valY/SYN101_GT.png
./valX/SYN102.png,./valY/SYN102_GT.png
./valX/SYN103.png,./valY/SYN103_GT.png
./valX/SYN104.png,./valY/SYN104_GT.png
./valX/SYN105.png,./valY/SYN105_GT.png
./valX/SYN106.png,./valY/SYN106_GT.png
./valX/SYN107.png,./valY/SYN107_GT.png
./valX/SYN108.png,./valY/SYN108_GT.png
./valX/SYN109.png,./valY/SYN109_GT.png
./valX/SYN110.png,./valY/SYN110_GT.png
./valX/SYN111.png,./valY/SYN111_GT.png
./valX/SYN112.png,./valY/SYN112_GT.png
./valX/SYN113.png,./valY/SYN113_GT.png
./valX/SYN114.png,./valY/SYN114_GT.png
./valX/SYN115.png,./valY/SYN115_GT.png
./valX/SYN116.png,./valY/SYN116_GT.png
./valX/SYN117.png,./valY/SYN117_GT.png
./valX/SYN118.png,./valY/SYN118_GT.png
./valX/SYN119.png,./valY/SYN119_GT.png
./valX/SYN120.png,./valY/SYN120_GT.png
./valX/SYN121.png,./valY/SYN121_GT.png
./valX/SYN122.png,./valY/SYN122_GT.png
./valX/SYN123.png,./valY/SYN123_GT.png
./valX/SYN124.png,./valY/SYN124_GT.png
./valX/SYN125.png,./valY/SYN125_GT.png
./valX/SYN126.png,./valY/SYN126_GT.png
./valX/SYN127.png,./valY/SYN127_GT.png
./valX/SYN128.png,./valY/SYN128_GT.png
./valX/SYN129.png,./valY/SYN129_GT.png
./valX/SYN130.png,./valY/SYN130_GT.png
./valX/SYN131.png,./valY/SYN131_GT.png
./valX/SYN132.png,./valY/SYN132_GT.png
./valX/SYN133.png,./valY/SYN133_GT.png
./valX/SYN134.png,./valY/SYN134_GT.png
./valX/SYN135.png,./valY/SYN135_GT.png
./valX/SYN46.png,./valY/SYN46_GT.png
./valX/SYN47.png,./valY/SYN47_GT.png
./valX/SYN48.png,./valY/SYN48_GT.png
./valX/SYN49.png,./valY/SYN49_GT.png
./valX/SYN50.png,./valY/SYN50_GT.png
./valX/SYN51.png,./valY/SYN51_GT.png
./valX/SYN52.png,./valY/SYN52_GT.png
./valX/SYN53.png,./valY/SYN53_GT.png
./valX/SYN54.png,./valY/SYN54_GT.png
./valX/SYN55.png,./valY/SYN55_GT.png
./valX/SYN56.png,./valY/SYN56_GT.png
./valX/SYN57.png,./valY/SYN57_GT.png
./valX/SYN58.png,./valY/SYN58_GT.png
./valX/SYN59.png,./valY/SYN59_GT.png
./valX/SYN60.png,./valY/SYN60_GT.png
./valX/SYN61.png,./valY/SYN61_GT.png
./valX/SYN62.png,./valY/SYN62_GT.png
./valX/SYN63.png,./valY/SYN63_GT.png
./valX/SYN64.png,./valY/SYN64_GT.png
./valX/SYN65.png,./valY/SYN65_GT.png
./valX/SYN66.png,./valY/SYN66_GT.png
./valX/SYN67.png,./valY/SYN67_GT.png
./valX/SYN68.png,./valY/SYN68_GT.png
./valX/SYN69.png,./valY/SYN69_GT.png
./valX/SYN70.png,./valY/SYN70_GT.png
./valX/SYN71.png,./valY/SYN71_GT.png
./valX/SYN72.png,./valY/SYN72_GT.png
./valX/SYN73.png,./valY/SYN73_GT.png
./valX/SYN74.png,./valY/SYN74_GT.png
./valX/SYN75.png,./valY/SYN75_GT.png
./valX/SYN76.png,./valY/SYN76_GT.png
./valX/SYN77.png,./valY/SYN77_GT.png
./valX/SYN78.png,./valY/SYN78_GT.png
./valX/SYN79.png,./valY/SYN79_GT.png
./valX/SYN80.png,./valY/SYN80_GT.png
./valX/SYN81.png,./valY/SYN81_GT.png
./valX/SYN82.png,./valY/SYN82_GT.png
./valX/SYN83.png,./valY/SYN83_GT.png
./valX/SYN84.png,./valY/SYN84_GT.png
./valX/SYN85.png,./valY/SYN85_GT.png
./valX/SYN86.png,./valY/SYN86_GT.png
./valX/SYN87.png,./valY/SYN87_GT.png
./valX/SYN88.png,./valY/SYN88_GT.png
./valX/SYN89.png,./valY/SYN89_GT.png
./valX/SYN90.png,./valY/SYN90_GT.png
./valX/SYN91.png,./valY/SYN91_GT.png
./valX/SYN92.png,./valY/SYN92_GT.png
./valX/SYN93.png,./valY/SYN93_GT.png
./valX/SYN94.png,./valY/SYN94_GT.png
./valX/SYN95.png,./valY/SYN95_GT.png
./valX/SYN96.png,./valY/SYN96_GT.png
./valX/SYN97.png,./valY/SYN97_GT.png
./valX/SYN98.png,./valY/SYN98_GT.png
./valX/SYN99.png,./valY/SYN99_GT.png
